label,pred
1.0,0.042727854
1.0,0.07647353
1.0,0.050872818
1.0,0.03200455
1.0,0.09925845
1.0,0.0058515472
1.0,0.2129368
1.0,0.009161528
1.0,0.3724533
1.0,0.7924245
1.0,0.3805951
1.0,0.6953333
1.0,0.015145039
1.0,0.038491372
1.0,0.9929086
1.0,0.9953324
1.0,0.9536011
1.0,0.16885045
1.0,0.9215653
1.0,0.17712146
1.0,0.9427034
1.0,0.19128168
1.0,0.96378607
1.0,0.7835302
1.0,0.5775533
1.0,0.4858962
1.0,0.33853218
1.0,0.32607293
1.0,0.45999154
1.0,0.8716198
1.0,0.59374857
1.0,0.38420734
1.0,0.12331496
1.0,0.83399975
1.0,0.013554776
1.0,0.0009411115
1.0,0.4476485
1.0,0.9748029
1.0,0.0014943762
1.0,0.82059896
1.0,0.7319011
1.0,0.65606505
1.0,0.9828021
1.0,0.051993933
1.0,0.9333228
1.0,0.81583196
1.0,0.5248395
1.0,0.18954599
1.0,0.4273396
1.0,0.013636989
1.0,0.94148576
1.0,0.004060257
1.0,0.18109149
1.0,0.19901092
1.0,0.8927428
1.0,0.9620333
1.0,0.031507798
1.0,0.4333861
1.0,0.9393027
1.0,0.33859423
1.0,0.61836475
1.0,0.95415974
1.0,0.8519114
1.0,0.23382233
1.0,0.7831095
1.0,0.2282185
1.0,0.46534342
1.0,0.056199368
1.0,0.48386043
1.0,0.6945193
1.0,0.48540017
1.0,0.6541117
1.0,0.7762223
1.0,0.05590744
1.0,0.27889326
1.0,0.6928424
1.0,0.060559873
1.0,0.03503855
1.0,0.41744903
1.0,0.80090123
1.0,0.018661365
1.0,0.77044666
1.0,0.37840733
1.0,0.068938166
1.0,0.59906244
1.0,0.60346544
1.0,0.026937945
1.0,0.84621996
1.0,0.85562027
1.0,0.23536272
1.0,0.9433779
1.0,0.30057752
1.0,0.96011573
1.0,0.03891906
1.0,0.6180238
1.0,0.95111394
1.0,0.6530443
1.0,0.94353974
1.0,0.77356523
1.0,0.9062931
1.0,0.8906861
1.0,0.7502205
1.0,0.40093902
1.0,0.50036174
1.0,0.042309903
1.0,0.9686244
1.0,0.7448646
1.0,0.96380025
1.0,0.7963294
1.0,0.95385736
1.0,0.93482447
1.0,0.53551215
1.0,0.8605347
1.0,0.60434186
1.0,0.47413468
1.0,0.85575706
1.0,0.8962328
1.0,0.7158264
1.0,0.22819711
1.0,0.6963516
1.0,0.80928797
1.0,0.4369128
1.0,0.24420762
1.0,0.39784914
1.0,0.9660371
1.0,0.25693104
1.0,0.46306375
1.0,0.9279877
1.0,0.007505088
1.0,0.44002044
1.0,0.41086188
1.0,0.84256953
1.0,0.3296976
1.0,0.32509875
1.0,0.00075298565
1.0,0.9735116
1.0,0.042992897
1.0,0.92400134
1.0,0.19651489
1.0,0.9673555
1.0,0.5162005
1.0,0.67980033
1.0,0.82691014
1.0,0.72264177
1.0,0.6898155
1.0,0.8338169
1.0,0.0027749382
1.0,0.55590564
1.0,0.044873595
1.0,0.20282254
1.0,0.45906878
1.0,0.18020438
1.0,0.9833257
1.0,0.39421222
1.0,0.76526517
1.0,0.0046932213
1.0,0.7702288
1.0,0.80649155
1.0,0.8964619
1.0,0.0116252825
1.0,0.37817168
1.0,0.98266935
1.0,0.24005872
1.0,0.53833866
1.0,0.9487875
1.0,0.9509924
1.0,0.72098625
1.0,0.036040556
1.0,0.29714242
1.0,0.020596633
1.0,0.37065047
1.0,0.8844579
1.0,0.0909697
1.0,0.57328856
1.0,0.2888061
1.0,0.898026
1.0,0.5342148
1.0,0.41709176
1.0,0.5292435
1.0,0.07820153
1.0,0.36428052
1.0,0.70020753
1.0,0.51571506
1.0,0.2464934
1.0,0.7124892
1.0,0.75267714
1.0,0.81299144
1.0,0.23089835
1.0,0.8657656
1.0,0.96024793
1.0,0.48003402
1.0,0.04297352
1.0,0.8323422
1.0,0.39484796
1.0,0.0490488
1.0,0.92739695
1.0,0.6456241
1.0,0.7105012
1.0,0.020419361
1.0,0.28378612
1.0,0.5209097
1.0,0.93602014
1.0,0.93958116
1.0,0.0046054604
1.0,0.97921705
1.0,0.19700547
1.0,0.898836
1.0,0.06758177
1.0,0.65189606
1.0,0.48901317
1.0,0.09751718
1.0,0.76866466
1.0,0.06866419
1.0,0.9184169
1.0,0.42228964
1.0,0.6151455
1.0,0.087290496
1.0,0.9177681
1.0,0.95397246
1.0,0.59752846
1.0,0.97683334
1.0,0.9476733
1.0,0.91311884
1.0,0.11067362
1.0,0.81512135
1.0,0.95868164
1.0,0.015534398
1.0,0.8996435
1.0,0.9193515
1.0,0.73131275
1.0,0.6444336
1.0,0.4228719
1.0,0.17672996
1.0,0.9834238
1.0,0.015512033
1.0,0.6219809
1.0,0.45052326
1.0,0.94850826
1.0,0.3753464
1.0,0.94661814
1.0,0.68490773
1.0,0.913903
1.0,0.22241558
1.0,0.39946666
1.0,0.89361674
1.0,0.10174417
1.0,0.86575264
1.0,0.018509889
1.0,0.004099834
1.0,0.92851454
1.0,0.26670694
1.0,0.9164711
1.0,0.11327206
1.0,0.8175033
1.0,0.1588436
1.0,0.9659425
1.0,0.7251884
1.0,0.010002666
1.0,0.26974934
1.0,0.960113
1.0,0.5588575
1.0,0.8817512
1.0,0.8734546
1.0,0.7033723
1.0,0.007349895
1.0,0.45812267
1.0,0.4365388
1.0,0.92132694
1.0,0.0070245187
1.0,0.047338303
1.0,0.8805004
1.0,0.8304131
1.0,0.8026782
1.0,0.8171516
1.0,0.73873544
1.0,0.40361813
1.0,0.644539
1.0,0.9356846
1.0,0.2628141
1.0,0.9533905
1.0,0.9145286
1.0,0.98098767
1.0,0.28508326
1.0,0.9146771
1.0,0.4117291
1.0,0.9532195
1.0,0.13984138
1.0,0.31451458
1.0,0.09502707
1.0,0.08584453
1.0,0.27843568
1.0,0.037303686
1.0,0.89698285
1.0,0.9444023
1.0,0.9390828
1.0,0.95576346
1.0,0.9915455
1.0,0.9780945
1.0,0.013574543
1.0,0.56312335
1.0,0.18162893
1.0,0.51595026
1.0,0.036874224
1.0,0.49664733
1.0,0.06361188
1.0,0.0067286147
1.0,0.13968663
1.0,0.9442134
1.0,0.097789876
1.0,0.058192648
1.0,0.3509363
1.0,0.99302226
1.0,0.11032395
1.0,0.6936491
1.0,0.28015956
1.0,0.017640777
1.0,0.47437352
1.0,0.749676
1.0,0.98902434
1.0,0.9434735
1.0,0.5441352
1.0,0.8722311
1.0,0.31537333
1.0,0.4362629
1.0,0.8666838
1.0,0.96805096
1.0,0.7827116
1.0,0.24958356
1.0,0.9680788
1.0,0.8977727
1.0,0.7305654
1.0,0.24802347
1.0,0.58159626
1.0,0.0014585464
1.0,0.7956149
1.0,0.98846406
1.0,0.9694491
1.0,0.9412296
1.0,0.36392543
1.0,0.77284956
1.0,0.71816194
1.0,0.05492148
1.0,0.8014079
1.0,0.2242903
1.0,0.39179498
1.0,0.915612
1.0,0.6901376
1.0,0.79218554
1.0,0.010617155
1.0,0.04301321
1.0,0.0025619136
1.0,0.046814702
1.0,0.69673043
1.0,0.1922071
1.0,0.052961256
1.0,0.10258237
1.0,0.6629276
1.0,0.85855496
1.0,0.35428283
1.0,0.16072957
1.0,0.15884654
1.0,0.07889315
1.0,0.021175
1.0,0.065497234
1.0,0.42624834
1.0,0.9972682
1.0,0.9813688
1.0,0.9990723
1.0,0.98805994
1.0,0.9704835
1.0,0.941291
1.0,0.9814802
1.0,0.9295057
1.0,0.9928812
1.0,0.9399403
1.0,0.31596965
1.0,0.9797515
1.0,0.85020137
1.0,0.99950075
1.0,0.99537873
1.0,0.98031414
1.0,0.78592366
1.0,0.7073637
1.0,0.9996068
1.0,0.9991704
1.0,0.9934888
1.0,0.99800295
1.0,0.86456686
1.0,0.9044036
1.0,0.99557954
1.0,0.8820376
1.0,0.97593427
1.0,0.9926087
1.0,0.08924008
1.0,0.9832592
1.0,0.97102225
1.0,0.9929872
1.0,0.99177855
1.0,0.42919457
1.0,0.9263533
1.0,0.9978649
1.0,0.97874236
1.0,0.8764118
1.0,0.9848642
1.0,0.9990921
1.0,0.0753008
1.0,0.9437447
1.0,0.9889314
1.0,0.9986683
1.0,0.9441607
1.0,0.7590818
1.0,0.9538947
1.0,0.99943167
1.0,0.96162105
1.0,0.9821164
1.0,0.9887217
1.0,0.9923355
1.0,0.9942159
1.0,0.98314947
1.0,0.97204363
1.0,0.98620063
1.0,0.8097801
1.0,0.9994035
1.0,0.92882854
1.0,0.9895907
1.0,0.9725591
1.0,0.9892537
1.0,0.99983776
1.0,0.9982047
1.0,0.9986349
1.0,0.011951224
1.0,0.7760314
1.0,0.92099655
1.0,0.99799216
1.0,0.9996191
1.0,0.95118934
1.0,0.9700448
1.0,0.99547404
1.0,0.9708896
1.0,0.82036984
1.0,0.99934596
1.0,0.6779338
1.0,0.99679923
1.0,0.82603395
1.0,0.9990157
1.0,0.9908105
1.0,0.99111044
1.0,0.9973098
1.0,0.9954846
1.0,0.99941075
1.0,0.99809533
1.0,0.972866
1.0,0.94958097
1.0,0.9841368
1.0,0.9946853
1.0,0.99964464
1.0,0.9872901
1.0,0.68592644
1.0,0.99094725
1.0,0.9949976
1.0,0.95499766
1.0,0.120746374
1.0,0.9265921
1.0,0.9692397
1.0,0.96311516
1.0,0.99282116
1.0,0.32028672
1.0,0.9779087
1.0,0.9856388
1.0,0.5147222
1.0,0.9946104
1.0,0.99775827
1.0,0.9835113
1.0,0.99846256
1.0,0.9971439
1.0,0.96506107
1.0,0.9754841
1.0,0.9159876
1.0,0.9959863
1.0,0.982236
1.0,0.9890476
1.0,0.99700063
1.0,0.11155728
1.0,0.9861239
1.0,0.9850315
1.0,0.9373827
1.0,0.96198905
1.0,0.6993461
1.0,0.9472599
1.0,0.71089685
1.0,0.9996741
1.0,0.99663156
1.0,0.9433322
1.0,0.99944276
1.0,0.99923277
1.0,0.85877335
1.0,0.99676776
1.0,0.9748409
1.0,0.9992411
1.0,0.9986413
1.0,0.9949896
1.0,0.9965413
1.0,0.9810447
1.0,0.9941559
1.0,0.9956703
1.0,0.98945224
1.0,0.94989574
1.0,0.98474485
1.0,0.9987558
1.0,0.86080873
1.0,0.9729239
1.0,0.011945127
1.0,0.9998634
1.0,0.8826977
1.0,0.97001934
1.0,0.96645534
1.0,0.9859352
1.0,0.99924964
1.0,0.99827576
1.0,0.59829587
1.0,0.90274394
1.0,0.20893571
1.0,0.998251
1.0,0.98379344
1.0,0.9987004
1.0,0.9560642
1.0,0.99644464
1.0,0.98225224
1.0,0.9990019
1.0,0.99916494
1.0,0.9892987
1.0,0.9992737
1.0,0.9839813
1.0,0.9999391
1.0,0.022568407
1.0,0.790907
1.0,0.998697
1.0,0.9817022
1.0,0.5365511
1.0,0.9994815
1.0,0.95429486
1.0,0.99048036
1.0,0.9983006
1.0,0.5102477
1.0,0.99772197
1.0,0.89894944
1.0,0.8440183
1.0,0.9990527
1.0,0.99258876
1.0,0.99362826
1.0,0.9988949
1.0,0.51089436
1.0,0.784753
1.0,0.9980952
1.0,0.9598532
1.0,0.29757267
1.0,0.9842046
1.0,0.99973816
1.0,0.9998853
1.0,0.9998807
1.0,0.982537
1.0,0.000522899
1.0,0.9895914
1.0,0.84512514
1.0,0.9958978
1.0,0.97890866
1.0,0.9849445
1.0,0.99779546
1.0,0.9999069
1.0,0.9994228
1.0,0.98327106
1.0,0.9928126
1.0,0.9260866
1.0,0.9020875
1.0,0.8599179
1.0,0.9850339
1.0,0.99325836
1.0,0.9926561
1.0,0.75606686
1.0,0.99011236
1.0,0.99349797
1.0,0.9980849
1.0,0.86725086
1.0,0.998858
1.0,0.8829329
1.0,0.9803361
1.0,0.89828527
1.0,0.9997105
1.0,0.9989458
1.0,0.99218774
1.0,0.8864207
1.0,0.99837935
1.0,0.999688
1.0,0.99133205
1.0,0.8734551
1.0,0.9809853
1.0,0.9865404
1.0,0.9954971
1.0,0.9981269
1.0,0.99233353
1.0,0.99981016
1.0,0.7371091
1.0,0.9977552
1.0,0.9423939
1.0,0.93822694
1.0,0.9921747
1.0,0.9854447
1.0,0.9896833
1.0,0.99641454
1.0,0.99656916
1.0,0.9959223
1.0,0.98498756
1.0,0.99987316
1.0,0.9996137
1.0,0.9957974
1.0,0.9970884
1.0,0.9779098
1.0,0.9995228
1.0,0.99840254
1.0,0.9033699
1.0,0.9946643
1.0,0.9922214
1.0,0.99691236
1.0,0.976937
1.0,0.026358582
1.0,0.9951611
1.0,0.8437599
1.0,0.99641573
1.0,0.9837294
1.0,0.8730791
1.0,0.9171804
1.0,0.9294943
1.0,0.8584488
1.0,0.99466634
1.0,0.7897744
1.0,0.99952066
1.0,0.6339156
1.0,0.999081
1.0,0.86923987
1.0,0.9535113
1.0,0.9995394
1.0,0.9996136
1.0,0.94787043
1.0,0.9964721
1.0,0.4469545
1.0,0.9622244
1.0,0.99874437
1.0,0.98723793
1.0,0.9993687
1.0,0.99350727
1.0,0.99837923
1.0,0.929088
1.0,0.18754573
1.0,0.98505914
1.0,0.99519366
1.0,0.9966624
1.0,0.9127962
1.0,0.99960715
1.0,0.94046116
1.0,0.99945337
1.0,0.99945515
1.0,0.9980673
1.0,0.99936503
1.0,0.9876765
1.0,0.98799336
1.0,0.9872218
1.0,0.98209524
1.0,0.9864466
1.0,0.9813095
1.0,0.9814882
1.0,0.9995653
1.0,0.92502666
1.0,0.9965149
1.0,0.99822503
1.0,0.9834209
1.0,0.84215564
1.0,0.9990489
1.0,0.9996145
1.0,0.99951553
1.0,0.9999832
1.0,0.99970967
1.0,0.97802746
1.0,0.99839693
1.0,0.98218197
1.0,0.94752806
1.0,0.9974602
1.0,0.99946624
1.0,0.9971162
1.0,0.98528385
1.0,0.99918526
1.0,0.033641864
1.0,0.022688402
1.0,0.9905551
1.0,0.97098887
1.0,0.96145684
1.0,0.99081296
1.0,0.98908234
1.0,0.6459884
1.0,0.9996948
1.0,0.93167365
1.0,0.9581874
1.0,0.9983765
1.0,0.6926147
1.0,0.9599874
1.0,0.9824318
1.0,0.81124884
1.0,0.9967211
1.0,0.9985728
1.0,0.9827071
1.0,0.98251224
1.0,0.99925154
1.0,0.9972047
1.0,0.68993825
1.0,0.9990246
1.0,0.939427
1.0,0.9274311
1.0,0.99680376
1.0,0.999876
1.0,0.98609203
1.0,0.9989802
1.0,0.9862664
1.0,0.99721813
1.0,0.9886485
1.0,0.99771476
1.0,0.9999881
1.0,0.89131266
1.0,0.99918264
1.0,0.9997845
1.0,0.9802044
1.0,0.9973441
1.0,0.97746867
1.0,0.9984598
1.0,0.9283304
1.0,0.0077139693
1.0,0.9760073
1.0,0.9729399
1.0,0.99980074
1.0,0.97246337
1.0,0.99713564
1.0,0.9992563
1.0,0.7669935
1.0,0.82561255
1.0,0.1458231
1.0,0.76447576
1.0,0.99831605
1.0,0.37227395
1.0,0.9999336
1.0,0.9999881
1.0,0.997865
1.0,0.9997069
1.0,0.97716457
1.0,0.97658294
1.0,0.859197
1.0,0.91458577
1.0,0.98235977
1.0,0.99865216
1.0,0.999253
1.0,0.6136127
1.0,0.9998512
1.0,0.573889
1.0,0.9951763
1.0,0.997471
1.0,0.9989692
1.0,0.15118952
1.0,0.99748755
1.0,0.9398341
1.0,0.36081046
1.0,0.6420719
1.0,0.99994874
1.0,0.9517992
1.0,0.9891255
1.0,0.98822683
1.0,0.9919253
1.0,0.9994247
1.0,0.98013824
1.0,0.912667
1.0,0.99860126
1.0,0.8707185
1.0,0.9558245
1.0,0.88126403
1.0,0.94271255
1.0,0.9945669
1.0,0.9283459
1.0,0.9985033
1.0,0.9892614
1.0,0.9958282
1.0,0.9941988
1.0,0.99977535
1.0,0.95412135
1.0,0.9662217
1.0,0.99956745
1.0,0.88912225
1.0,0.9937675
1.0,0.99845886
1.0,0.7972753
1.0,0.41228724
1.0,0.99468637
1.0,0.9999093
1.0,0.99894637
1.0,0.9994992
1.0,0.9999794
1.0,0.98963124
1.0,0.9557009
1.0,0.4818224
1.0,0.98953336
1.0,0.9996182
1.0,0.9999597
1.0,0.7425534
1.0,0.9718739
1.0,0.9552637
1.0,0.91477835
1.0,0.9958079
1.0,0.34122038
1.0,0.9724454
1.0,0.9938274
1.0,0.9984067
1.0,0.80098754
1.0,0.9793524
1.0,0.99967015
1.0,0.68416077
1.0,0.98572356
1.0,0.9982316
1.0,0.9981516
1.0,0.9981669
1.0,0.009647598
1.0,0.99950194
1.0,0.84196925
1.0,0.9780593
1.0,0.28436345
1.0,0.9125618
1.0,0.77549654
1.0,0.4421378
1.0,0.9325286
1.0,0.99894005
1.0,0.9819936
1.0,0.9980861
1.0,0.99696964
1.0,0.9788063
1.0,0.99982554
1.0,0.9961856
1.0,0.9681208
1.0,0.9880789
1.0,0.9756026
1.0,0.9980148
1.0,0.99882764
1.0,0.38733622
1.0,0.997503
1.0,0.9996886
1.0,0.99165136
1.0,0.9946742
1.0,0.987224
1.0,0.97134453
1.0,0.9758546
1.0,0.97688735
1.0,0.8929145
1.0,0.92977285
1.0,0.9942081
1.0,0.9970521
1.0,0.5402959
1.0,0.9953583
1.0,0.48914456
1.0,0.98768383
1.0,0.99637103
1.0,0.9406603
1.0,0.2842161
1.0,0.9645699
1.0,0.634728
1.0,0.9960334
1.0,0.5305758
1.0,0.99766576
1.0,0.9979487
1.0,0.9991703
1.0,0.9813167
1.0,0.9905379
1.0,0.9997931
1.0,0.9940579
1.0,0.30011907
1.0,0.99591917
1.0,0.97233945
1.0,0.99955755
1.0,0.9984263
1.0,0.99279976
1.0,0.9711717
1.0,0.90337205
1.0,0.9353885
1.0,0.9619985
1.0,0.9562931
1.0,0.9885831
1.0,0.9998349
1.0,0.4330648
1.0,0.004432837
1.0,0.87754273
1.0,0.99194944
1.0,0.9994294
1.0,0.9579466
1.0,0.9941818
1.0,0.9600742
1.0,0.4274145
1.0,0.35796478
1.0,0.99957067
1.0,0.9893231
1.0,0.8701508
1.0,0.99876535
1.0,0.912733
1.0,0.9853923
1.0,0.99998367
1.0,0.99598086
1.0,0.99551094
1.0,0.99849105
1.0,0.9254162
1.0,0.98018163
1.0,0.99056655
1.0,0.996874
1.0,0.98274255
1.0,0.99954116
1.0,0.9968406
1.0,0.9670127
1.0,0.9483562
1.0,0.9961423
1.0,0.98944104
1.0,0.9508655
1.0,0.46661943
1.0,0.97301686
1.0,0.9992729
1.0,0.98512405
1.0,0.9987777
1.0,0.738722
1.0,0.99859244
1.0,0.99995816
1.0,0.112082385
1.0,0.79898185
1.0,0.9721671
1.0,0.974625
1.0,0.9874907
1.0,0.9990433
1.0,0.99921715
1.0,0.92154866
1.0,0.5388143
1.0,0.8872409
1.0,0.9994486
1.0,0.9946407
1.0,0.9510553
1.0,0.9999294
1.0,0.9976908
1.0,0.99162227
1.0,0.99778205
1.0,0.70676
1.0,0.9985373
1.0,0.5553282
1.0,0.99990094
1.0,0.99754554
1.0,0.99961156
1.0,0.9746134
1.0,0.9932789
1.0,0.9927337
1.0,0.9943745
1.0,0.94556606
1.0,0.986611
1.0,0.43835822
1.0,0.83701056
1.0,0.990368
1.0,0.9909547
1.0,0.9989247
1.0,0.88324714
1.0,0.9358433
1.0,0.9797106
1.0,0.9972173
1.0,0.9999708
1.0,0.02532688
1.0,0.99912804
1.0,0.9969688
1.0,0.99681586
1.0,0.89093244
1.0,0.9997968
1.0,0.9868776
1.0,0.9991473
1.0,0.42173043
1.0,0.9637225
1.0,0.99984884
1.0,0.9826858
1.0,0.9993711
1.0,0.9997727
1.0,0.91451067
1.0,0.99534225
1.0,0.99835324
1.0,0.7878751
1.0,0.9956371
1.0,0.96053314
1.0,0.99957806
1.0,0.9949822
1.0,0.99815685
1.0,0.031439975
1.0,0.9752667
1.0,0.8273561
1.0,0.9935969
1.0,0.9986382
1.0,0.43793422
1.0,0.99994063
1.0,0.99698
1.0,0.95509183
1.0,0.99460226
1.0,0.9811023
1.0,0.9957461
1.0,0.98730075
1.0,0.9997652
1.0,0.99481165
1.0,0.9988342
1.0,0.3904459
1.0,0.9115064
1.0,0.8698884
1.0,0.93104255
1.0,0.4124279
1.0,0.85086584
1.0,0.99489707
1.0,0.99898833
1.0,0.9810791
1.0,0.99672407
1.0,0.97188246
1.0,0.93661296
1.0,0.9996766
1.0,0.9899829
1.0,0.99887806
1.0,0.9927153
1.0,0.48751873
1.0,0.87084776
1.0,0.9841493
1.0,0.21370098
1.0,0.8779532
1.0,0.91210073
1.0,0.9997073
1.0,0.99975806
1.0,0.9996948
1.0,0.074323304
1.0,0.8074413
1.0,0.99893206
1.0,0.9606908
1.0,0.84081084
1.0,0.9989648
1.0,0.9998211
1.0,0.9999695
1.0,0.9971847
1.0,0.910673
1.0,0.9629427
1.0,0.996198
1.0,0.99270517
1.0,0.81916946
1.0,0.9829579
1.0,0.97775316
1.0,0.9967103
1.0,0.9979115
1.0,0.9976834
1.0,0.51852536
1.0,0.99673563
1.0,0.9511892
1.0,0.6788284
1.0,0.86550933
1.0,0.6324653
1.0,0.99987876
1.0,0.99977773
1.0,0.91910815
1.0,0.9994056
1.0,0.99857366
1.0,0.99759966
1.0,0.96334213
1.0,0.9885874
1.0,0.9919185
1.0,0.9921131
1.0,0.62760365
1.0,0.99933416
1.0,0.9989291
1.0,0.99591607
1.0,0.8918844
1.0,0.9984274
1.0,0.99747145
1.0,0.7936948
1.0,0.99194884
1.0,0.94368994
1.0,0.99767524
1.0,0.9893444
1.0,0.9974843
1.0,0.9901148
1.0,0.82877755
1.0,0.9612878
1.0,0.97519976
1.0,0.9998442
1.0,0.99866927
1.0,0.94650906
1.0,0.80076367
1.0,0.75061685
1.0,0.9990238
1.0,0.97733945
1.0,0.80515283
1.0,0.9670242
1.0,0.9983368
1.0,0.8747357
1.0,0.9988399
1.0,0.91821986
1.0,0.99226284
1.0,0.89053017
1.0,0.98777896
1.0,0.8641179
1.0,0.94287604
1.0,0.7583061
1.0,0.98433787
1.0,0.99681145
1.0,0.99736637
1.0,0.9973143
1.0,0.9646842
1.0,0.9542991
1.0,0.99685425
1.0,0.995833
1.0,0.9979233
1.0,0.9789276
1.0,0.99488753
1.0,0.9998042
1.0,0.9998332
1.0,0.9671875
1.0,0.9927268
1.0,0.99479336
1.0,0.9436838
1.0,0.995074
1.0,0.72916275
1.0,0.79995966
1.0,0.99686384
1.0,0.99536693
1.0,0.99659544
1.0,0.9959351
1.0,0.9776489
1.0,0.9913202
1.0,0.7902746
1.0,0.95388633
1.0,0.96483475
1.0,0.71808374
1.0,0.83112544
1.0,0.9998808
1.0,0.18329418
1.0,0.7824203
1.0,0.7066959
1.0,0.3896466
1.0,0.9360236
1.0,0.6956257
1.0,0.99964654
1.0,0.9976205
1.0,0.9975501
1.0,0.9996488
1.0,0.9354298
1.0,0.82106096
1.0,0.999432
1.0,0.8236214
1.0,0.9903775
1.0,0.9459066
1.0,0.9982439
1.0,0.99927396
1.0,0.8827969
1.0,0.9205223
1.0,0.9959234
1.0,0.99977094
1.0,0.95970327
1.0,0.9853768
1.0,0.993785
1.0,0.84851956
1.0,0.9999156
1.0,0.99789125
1.0,0.9279803
1.0,0.0058197663
1.0,0.99942744
1.0,0.9996741
1.0,0.910878
1.0,0.9993418
1.0,0.9958651
1.0,0.5421197
1.0,0.99983346
1.0,0.9943515
1.0,0.9998317
1.0,0.63889223
1.0,0.9985007
1.0,0.96792924
1.0,0.8649016
1.0,0.99963784
1.0,0.98119086
1.0,0.96980524
1.0,0.9996123
1.0,0.99299073
1.0,0.99936825
1.0,0.97009957
1.0,0.6575653
1.0,0.82794935
1.0,0.9306613
1.0,0.9933222
1.0,0.9973974
1.0,0.8737855
1.0,0.99972373
1.0,0.30372202
1.0,0.9913735
1.0,0.9970696
1.0,0.93020964
1.0,0.9980064
1.0,0.9973123
1.0,0.95487607
1.0,0.10208213
1.0,0.99898356
1.0,0.9986119
1.0,0.9963977
1.0,0.99885917
1.0,0.9399504
1.0,0.98086905
1.0,0.9999379
1.0,0.9976534
1.0,0.0216239
1.0,0.9963586
1.0,0.9890687
1.0,0.999918
1.0,0.6878328
1.0,0.9843275
1.0,0.647334
1.0,0.8145401
1.0,0.6536889
1.0,0.9997732
1.0,0.9856134
1.0,0.9974956
1.0,0.95521575
1.0,0.9766119
1.0,0.9716684
1.0,0.99904484
1.0,0.9952188
1.0,0.8857202
1.0,0.9989139
1.0,0.9994216
1.0,0.99508685
1.0,0.9938293
1.0,0.9958752
1.0,0.9997254
1.0,0.999775
1.0,0.9818526
1.0,0.92854714
1.0,0.9379598
1.0,0.99865603
1.0,0.84055334
1.0,0.9115681
1.0,0.98737586
1.0,0.9570312
1.0,0.996979
1.0,0.9979024
1.0,0.9124884
1.0,0.006083828
1.0,0.9488405
1.0,0.99988484
1.0,0.30174336
1.0,0.5412085
1.0,0.8995753
1.0,0.6959441
1.0,0.97820514
1.0,0.46839094
1.0,0.22215536
1.0,0.20948473
1.0,0.8917169
1.0,0.98205274
1.0,0.99855787
1.0,0.42357695
1.0,0.56431514
1.0,0.99654716
1.0,0.0519575
1.0,0.99997556
1.0,0.9676338
1.0,0.8422315
1.0,0.99187917
1.0,0.9733305
1.0,0.98308
1.0,0.9797013
1.0,0.96245396
1.0,0.95937926
1.0,0.99131763
1.0,0.4137812
1.0,0.99901867
1.0,0.47405532
1.0,0.055282936
1.0,0.12404442
1.0,0.10979428
1.0,0.85238874
1.0,0.10804735
1.0,0.8626556
1.0,0.999841
1.0,0.9399563
1.0,0.96903765
1.0,0.9842308
1.0,0.55119085
1.0,0.976147
1.0,0.8856191
1.0,0.9896338
1.0,0.999995
1.0,0.08029654
1.0,0.36787862
1.0,0.9411089
1.0,0.6328748
1.0,0.9854697
1.0,0.9242442
1.0,0.9983652
1.0,0.9941605
1.0,0.9915766
1.0,0.5723045
1.0,0.9499035
1.0,0.9341117
1.0,0.94766045
1.0,0.8236258
1.0,0.3861338
1.0,0.999119
1.0,0.99851793
1.0,0.95702815
1.0,0.9988902
1.0,0.05801879
1.0,0.997895
1.0,0.9972038
1.0,0.9501433
1.0,0.9998952
1.0,0.9664538
1.0,0.82893807
1.0,0.95277363
1.0,0.9332923
1.0,0.26054227
1.0,0.68390703
1.0,0.9978557
1.0,0.9982096
1.0,0.9612367
1.0,0.94903415
1.0,0.9901288
1.0,0.5320609
1.0,0.9969848
1.0,0.53776497
1.0,0.9893987
1.0,0.9832456
1.0,0.9553207
1.0,0.89974076
1.0,0.9898051
1.0,0.96645844
1.0,0.98444265
1.0,0.99944705
1.0,0.0025101616
1.0,0.72748494
1.0,0.81986
1.0,0.9469143
1.0,0.19664095
1.0,0.99872106
1.0,0.99512863
1.0,0.9996706
1.0,0.020655463
1.0,0.9586527
1.0,0.016754463
1.0,0.9556388
1.0,0.99489564
1.0,0.97939384
1.0,0.70144105
1.0,0.9973126
1.0,0.120524816
1.0,0.22615528
1.0,0.99910283
1.0,0.97293335
1.0,0.99925536
1.0,0.90874964
1.0,0.9631424
1.0,0.010937936
1.0,0.99995863
1.0,0.9996823
1.0,0.9984877
1.0,0.88678634
1.0,0.62826943
1.0,0.01651488
1.0,0.9991072
1.0,0.98383915
1.0,0.29509497
1.0,0.92164207
1.0,0.7899379
1.0,0.77154934
1.0,0.985918
1.0,0.005457734
1.0,0.9757
1.0,0.9365546
1.0,0.8739024
1.0,0.97774565
1.0,0.9989691
1.0,0.4092483
1.0,0.14559726
1.0,0.6285974
1.0,0.94581926
1.0,0.9762901
1.0,0.9991955
1.0,0.92696685
1.0,0.81957066
1.0,0.9970516
1.0,0.93575305
1.0,0.9979419
1.0,0.9250004
1.0,0.055750966
1.0,0.09095197
1.0,0.19605398
1.0,0.00442372
1.0,0.0074426844
1.0,0.14066257
1.0,0.98260146
1.0,0.3087238
1.0,0.5678765
1.0,0.6834852
1.0,0.99813914
1.0,0.6933529
1.0,0.0525392
1.0,0.99868757
1.0,0.9769537
1.0,0.19337545
1.0,0.99760854
1.0,0.9956808
1.0,0.99137384
1.0,0.1587882
1.0,0.058449626
1.0,0.9982419
1.0,0.45135286
1.0,0.99942917
1.0,0.95651656
1.0,0.38086778
1.0,0.51162344
1.0,0.9735476
1.0,0.9634269
1.0,0.6515941
1.0,0.62786597
1.0,0.99669206
1.0,0.051962264
1.0,0.6291566
1.0,0.71177244
1.0,0.9973532
1.0,0.24028297
1.0,0.99884856
1.0,0.8871204
1.0,0.009899872
1.0,0.8810187
1.0,0.9958391
1.0,0.9813985
1.0,0.41794837
1.0,0.9898816
1.0,0.43085948
1.0,0.9999223
1.0,0.07381268
1.0,0.6108517
1.0,0.9073738
1.0,0.99709535
1.0,0.9994137
1.0,0.13209796
1.0,0.9720295
1.0,0.9969649
1.0,0.8929075
1.0,0.16117868
1.0,0.9147625
1.0,0.9891262
1.0,0.33848715
1.0,0.98042816
1.0,0.9592346
1.0,0.018298762
1.0,0.9996511
1.0,0.0024379268
1.0,0.45524108
1.0,0.73269725
1.0,0.98695135
1.0,0.9852437
1.0,0.9107686
1.0,0.65116847
1.0,0.98557013
1.0,0.9645299
1.0,0.7953813
1.0,0.9999212
1.0,0.59396625
1.0,0.97785896
1.0,0.9772081
1.0,0.9756842
1.0,0.9998629
1.0,0.9974681
1.0,0.9993813
1.0,0.93537307
1.0,0.7352313
1.0,0.95287883
1.0,0.99227387
1.0,0.95238715
1.0,0.99934
1.0,0.99942136
1.0,0.78208584
1.0,0.9613654
1.0,0.94707835
1.0,0.98845285
1.0,0.9978801
1.0,0.024288528
1.0,0.75262165
1.0,0.82075286
1.0,0.766735
1.0,0.17128327
1.0,0.7693574
1.0,0.8704968
1.0,0.013977459
1.0,0.13002098
1.0,0.9074518
1.0,0.7923774
1.0,0.2193851
1.0,0.49964952
1.0,0.9958852
1.0,0.056433424
1.0,0.45949742
1.0,0.38577536
1.0,0.4692199
1.0,0.9226667
1.0,0.9470898
1.0,0.99466336
1.0,0.95084065
1.0,0.8950032
1.0,0.8500967
1.0,0.8966712
1.0,0.9613044
1.0,0.55882293
1.0,0.95050764
1.0,0.08445401
1.0,0.99855787
1.0,0.54776907
1.0,0.285219
1.0,0.06497351
1.0,0.70335865
1.0,0.75219285
1.0,0.8631621
1.0,0.977985
1.0,0.98444146
1.0,0.7804022
1.0,0.99356854
1.0,0.998522
1.0,0.9803822
1.0,0.99808514
1.0,0.7476673
1.0,0.07124793
1.0,0.9733565
1.0,0.9926069
1.0,0.90239286
1.0,0.6788144
1.0,0.9967608
1.0,0.8090234
1.0,0.9937657
1.0,0.8166471
1.0,0.9985902
1.0,0.14977674
1.0,0.115304865
1.0,0.023474608
1.0,0.9882791
1.0,0.035943568
1.0,0.9916415
1.0,0.7713025
1.0,0.8919253
1.0,0.8361134
1.0,0.99900144
1.0,0.9999007
1.0,0.4332504
1.0,0.0063190246
1.0,0.8279463
1.0,0.03357895
1.0,0.9383118
1.0,0.5444736
1.0,0.8871909
1.0,0.013461364
1.0,0.96021664
1.0,0.68199027
1.0,0.2664739
1.0,0.959217
1.0,0.7549284
1.0,0.99900097
1.0,0.11268072
1.0,0.9921457
1.0,0.5484227
1.0,0.9439072
1.0,0.8688134
1.0,0.99966407
1.0,0.9928751
1.0,0.8798581
1.0,0.017669994
1.0,0.059154302
1.0,0.8503588
1.0,0.8474332
1.0,0.98456293
1.0,0.99681854
1.0,0.9976579
1.0,0.87418187
1.0,0.4600221
1.0,0.99297756
1.0,0.97697324
1.0,0.82342845
1.0,0.9997104
1.0,0.99436295
1.0,0.99992657
1.0,0.9646551
1.0,0.9061101
1.0,0.99855834
1.0,0.93743616
1.0,0.4313956
1.0,0.99971694
1.0,0.97051686
1.0,0.95551777
1.0,0.9231679
1.0,0.99908316
1.0,0.005986447
1.0,0.65603316
1.0,0.99954504
1.0,0.71049017
1.0,0.97805107
1.0,0.5272372
1.0,0.6265028
1.0,0.07977975
1.0,0.6728828
1.0,0.9923395
1.0,0.85255325
1.0,0.89341164
1.0,0.036807913
1.0,0.7626793
1.0,0.99903893
1.0,0.9522005
1.0,0.89132357
1.0,0.37814566
1.0,0.9795315
1.0,0.99787664
1.0,0.01829414
1.0,0.99997365
1.0,0.9939513
1.0,0.9943403
1.0,0.005207542
1.0,0.9896175
1.0,0.98746175
1.0,0.99940443
1.0,0.8144735
1.0,0.955674
1.0,0.9850441
1.0,0.99000996
1.0,0.19957283
1.0,0.96816015
1.0,0.556834
1.0,0.9977424
1.0,0.9939236
1.0,0.9960592
1.0,0.6233679
1.0,0.99987733
1.0,0.99972695
1.0,0.33164346
1.0,0.93251413
1.0,0.99863666
1.0,0.9280827
1.0,0.88336843
1.0,0.9978393
1.0,0.7116641
1.0,0.560236
1.0,0.3273388
1.0,0.9696436
1.0,0.78282744
1.0,0.6237908
1.0,0.54648685
1.0,0.9976069
1.0,0.6653705
1.0,0.97476023
1.0,0.93379205
1.0,0.98294455
1.0,0.60551476
1.0,0.90700036
1.0,0.9492118
1.0,0.9870515
1.0,0.9946649
1.0,0.9821223
1.0,0.85973537
1.0,0.02735585
1.0,0.8231429
1.0,0.99961287
1.0,0.9389174
1.0,0.632034
1.0,0.09408727
1.0,0.6576375
1.0,0.061606664
1.0,0.10073045
1.0,0.011827284
1.0,0.54750246
1.0,0.02169378
1.0,0.048840106
1.0,0.975749
1.0,0.011932746
1.0,0.76318794
1.0,0.93562
1.0,0.43544212
1.0,0.28598922
1.0,0.7235822
1.0,0.03411218
1.0,0.8521742
1.0,0.7993499
1.0,0.889899
1.0,0.048143752
1.0,0.024988486
1.0,0.41410533
1.0,0.034749705
1.0,0.0010983219
1.0,0.7014332
1.0,0.22247261
1.0,0.19035268
1.0,0.94777405
1.0,0.38872123
1.0,0.34428185
1.0,0.87046224
1.0,0.093624294
1.0,0.9010595
1.0,0.46964157
1.0,0.096324146
1.0,0.8361399
1.0,0.08240747
1.0,0.005221133
1.0,0.26919147
1.0,0.10095742
1.0,0.03592421
1.0,0.5157002
1.0,0.057994023
1.0,0.014364184
1.0,0.7871104
1.0,0.29193896
1.0,0.95369047
1.0,0.101788394
1.0,0.16523102
1.0,0.21314347
1.0,0.05897585
1.0,0.23162434
1.0,0.25683522
1.0,0.014445685
1.0,0.111305244
1.0,0.9894126
1.0,0.9188883
1.0,0.8565922
1.0,0.59355235
1.0,0.94025964
1.0,0.87644845
1.0,0.03960218
1.0,0.9746533
1.0,0.85710686
1.0,0.00093950785
1.0,0.9968604
1.0,0.9964869
1.0,0.5226485
1.0,0.889409
1.0,0.8374189
1.0,0.6169202
1.0,0.0018145096
1.0,0.123382665
1.0,0.9927579
1.0,0.0026980834
1.0,0.046538737
1.0,0.0020552902
1.0,0.68675065
1.0,0.98984325
1.0,0.9099507
1.0,0.18952787
1.0,0.018852537
1.0,0.48906618
1.0,0.21639019
1.0,0.13773744
1.0,0.04484064
1.0,0.3139928
0.0,0.0006518066
0.0,0.00059052603
0.0,0.0003209637
0.0,0.004237782
0.0,0.00067576807
0.0,0.000153069
0.0,0.007807212
0.0,0.0021959245
0.0,0.0025474422
0.0,0.00021548991
0.0,0.000608934
0.0,0.0012781905
0.0,0.00016158276
0.0,0.00011935921
0.0,0.008535468
0.0,0.00080254575
0.0,0.00052317494
0.0,0.00030652905
0.0,0.0029322014
0.0,0.007892963
0.0,0.0016564138
0.0,0.0029358394
0.0,0.00058518513
0.0,0.005401828
0.0,0.9994331
0.0,0.016065286
0.0,0.02674552
0.0,0.6791411
0.0,0.23785324
0.0,0.69015145
0.0,0.0013941666
0.0,0.0023418353
0.0,0.00035983248
0.0,0.015357781
0.0,0.0023565576
0.0,0.00012793204
0.0,0.0016679966
0.0,0.011058833
0.0,0.0009703532
0.0,0.00024935184
0.0,0.454485
0.0,0.00022861085
0.0,0.0071182866
0.0,0.027333878
0.0,0.28108525
0.0,0.0028735744
0.0,0.0011285449
0.0,0.0018176205
0.0,0.04187867
0.0,0.027134864
0.0,0.0040701376
0.0,0.7661809
0.0,0.04075418
0.0,0.00076606165
0.0,0.00078990584
0.0,0.0015695699
0.0,0.002581884
0.0,0.00025334518
0.0,0.003077787
0.0,0.32548207
0.0,0.0009222258
0.0,0.002377919
0.0,0.009509973
0.0,0.17379288
0.0,0.00015985002
0.0,0.13433483
0.0,0.32893288
0.0,0.00031465327
0.0,0.012543539
0.0,0.21594515
0.0,0.0009878601
0.0,0.00032248383
0.0,0.0057226312
0.0,0.0012329614
0.0,0.010179665
0.0,0.0016945814
0.0,0.00011565027
0.0,0.0033397023
0.0,0.0035757788
0.0,0.06940854
0.0,0.0022923388
0.0,0.0006271686
0.0,0.8909074
0.0,0.7663774
0.0,0.6386615
0.0,0.00026296364
0.0,0.32452944
0.0,0.0025061604
0.0,0.0015860633
0.0,0.00043134956
0.0,0.47977045
0.0,0.15370642
0.0,0.0019345961
0.0,0.48480815
0.0,0.023336837
0.0,0.0014035546
0.0,0.0008284311
0.0,0.09109586
0.0,0.023921147
0.0,0.112451375
0.0,0.68884563
0.0,0.00042692677
0.0,0.8701915
0.0,0.0026200188
0.0,0.17347702
0.0,0.00016780339
0.0,0.7246291
0.0,0.22599575
0.0,0.00030677023
0.0,0.00056181866
0.0,0.0539789
0.0,0.004090266
0.0,0.0009144041
0.0,0.00054960384
0.0,0.0001360231
0.0,0.11600447
0.0,0.0031311559
0.0,0.0098261675
0.0,0.009652446
0.0,5.9378628e-05
0.0,0.0035838832
0.0,0.030790359
0.0,0.0029529694
0.0,0.95123225
0.0,0.0007207563
0.0,0.00092723966
0.0,0.0016337639
0.0,0.00017431314
0.0,0.00019307762
0.0,0.5752542
0.0,0.0023037351
0.0,0.00034004738
0.0,0.022091253
0.0,0.002004698
0.0,0.99840254
0.0,0.20069803
0.0,0.98916036
0.0,0.9919926
0.0,0.00013283709
0.0,0.00469344
0.0,0.014980674
0.0,0.00030174883
0.0,0.9873116
0.0,0.0027788018
0.0,0.23970656
0.0,0.049018294
0.0,0.0035722603
0.0,0.6576165
0.0,0.017889382
0.0,0.00034171744
0.0,0.3756254
0.0,0.00049965334
0.0,0.019794783
0.0,0.0010446013
0.0,0.0014592696
0.0,0.005034064
0.0,0.007415905
0.0,0.0012471386
0.0,0.0010396973
0.0,0.00034473452
0.0,0.2526474
0.0,0.054502822
0.0,0.319136
0.0,0.033517033
0.0,0.0045185992
0.0,0.007650314
0.0,0.18081972
0.0,0.0009227444
0.0,0.6917082
0.0,0.0006635686
0.0,0.007430919
0.0,0.017420914
0.0,0.0016581952
0.0,0.27839434
0.0,0.0010255714
0.0,0.0008222292
0.0,0.00063527445
0.0,0.0048294147
0.0,0.009537889
0.0,0.0016056494
0.0,0.00068305753
0.0,0.6276414
0.0,0.19159168
0.0,0.0013624959
0.0,0.001154847
0.0,0.9728822
0.0,0.00016399972
0.0,0.048128076
0.0,0.15995522
0.0,0.00037166913
0.0,0.00076249987
0.0,0.008470492
0.0,0.0048759636
0.0,0.009122934
0.0,0.99081355
0.0,0.018362017
0.0,0.86532056
0.0,0.0044650636
0.0,0.0014147768
0.0,0.0027936725
0.0,0.03802463
0.0,0.35997012
0.0,0.01240134
0.0,0.1250719
0.0,0.0033786925
0.0,0.00019618415
0.0,0.6962658
0.0,0.0058494112
0.0,0.03299989
0.0,0.011170954
0.0,0.16461591
0.0,0.1569217
0.0,0.007621978
0.0,0.00010045809
0.0,0.011074572
0.0,0.012713894
0.0,0.92721593
0.0,0.00044732928
0.0,0.7113603
0.0,0.001092551
0.0,0.015336503
0.0,0.0014216839
0.0,0.0007728482
0.0,0.0022665176
0.0,0.0015380051
0.0,0.000571234
0.0,0.06673029
0.0,0.0046095676
0.0,0.61030674
0.0,0.00029983092
0.0,0.0004814103
0.0,0.00016716857
0.0,0.0036247615
0.0,0.95401186
0.0,0.8255784
0.0,0.041900393
0.0,0.00010047198
0.0,0.0024995722
0.0,0.583641
0.0,0.01369539
0.0,0.03278308
0.0,0.008535436
0.0,0.0080523575
0.0,0.23684986
0.0,0.00015536604
0.0,0.6987126
0.0,0.019395713
0.0,0.0038556326
0.0,0.002838772
0.0,0.00022794245
0.0,0.00030937485
0.0,0.0006388832
0.0,0.07679696
0.0,0.97832924
0.0,0.60560197
0.0,0.963687
0.0,0.0006849611
0.0,0.00029690698
0.0,0.0003797741
0.0,0.00023416437
0.0,0.0040939213
0.0,0.20717122
0.0,0.00062314625
0.0,0.7838741
0.0,0.00043524554
0.0,0.0005460115
0.0,0.013275155
0.0,0.0027430034
0.0,0.7664099
0.0,0.47193134
0.0,0.0006967852
0.0,0.02209508
0.0,0.011286146
0.0,0.7810421
0.0,9.644356e-05
0.0,0.00063517306
0.0,0.0009859735
0.0,0.001992428
0.0,0.01912812
0.0,0.11927813
0.0,0.0035374977
0.0,0.0008577032
0.0,0.011851395
0.0,0.002467301
0.0,0.10375091
0.0,0.0020070348
0.0,0.0030152001
0.0,0.108857885
0.0,0.9675432
0.0,0.00022047113
0.0,0.003718174
0.0,0.00031973934
0.0,0.016251978
0.0,0.0014343112
0.0,6.0485403e-05
0.0,0.0011076375
0.0,0.00051383325
0.0,0.0003277408
0.0,0.07854528
0.0,0.00016608153
0.0,0.0053776
0.0,0.9950304
0.0,0.008074967
0.0,0.024506178
0.0,0.9997253
0.0,0.19386351
0.0,0.0023572082
0.0,0.06276968
0.0,0.02762589
0.0,0.004356837
0.0,0.0006832809
0.0,0.0007909826
0.0,0.0017775629
0.0,0.008573694
0.0,0.00015100738
0.0,0.0001423311
0.0,0.0004250221
0.0,0.0023416237
0.0,0.00025636255
0.0,0.0016340737
0.0,0.0034829725
0.0,0.0012577436
0.0,0.96415925
0.0,0.00092670304
0.0,0.90394306
0.0,0.0032785826
0.0,0.9808399
0.0,0.0038748016
0.0,0.8720312
0.0,0.022710707
0.0,0.0028624863
0.0,0.023330437
0.0,0.0027583698
0.0,0.00020864003
0.0,0.0011494631
0.0,0.0070696734
0.0,0.41858265
0.0,0.0015008305
0.0,0.64125764
0.0,0.00071230205
0.0,0.00081473606
0.0,0.005788764
0.0,0.1958939
0.0,0.0011799729
0.0,0.63272756
0.0,0.0022001204
0.0,0.007076009
0.0,0.007910453
0.0,0.8657242
0.0,0.001362967
0.0,0.0019590892
0.0,0.9397162
0.0,0.0019262723
0.0,0.029269082
0.0,0.000156042
0.0,0.0008618552
0.0,0.023729637
0.0,0.000965009
0.0,0.00065063545
0.0,0.0012016235
0.0,0.0139496615
0.0,0.0020680951
0.0,0.009891145
0.0,0.00085085415
0.0,0.00033811864
0.0,0.00073512574
0.0,0.23633887
0.0,0.0025940507
0.0,0.009567637
0.0,0.00063424
0.0,0.14991142
0.0,0.0029185957
0.0,0.0012247803
0.0,0.00097170146
0.0,0.0020417813
0.0,0.10983619
0.0,0.04308066
0.0,0.0005870753
0.0,0.035764378
0.0,0.001187918
0.0,0.00054136774
0.0,0.12815848
0.0,0.00036210538
0.0,0.0032731674
0.0,0.0046947477
0.0,0.0012170016
0.0,0.0048708715
0.0,0.92578334
0.0,0.34272063
0.0,0.0047589587
0.0,0.09556873
0.0,0.017455965
0.0,0.9393761
0.0,0.17533685
0.0,0.00043137668
0.0,0.008574218
0.0,0.009887434
0.0,0.00046956225
0.0,0.054763813
0.0,0.023329258
0.0,0.0032027191
0.0,0.0011912152
0.0,0.0214666
0.0,0.00048100855
0.0,0.0014999184
0.0,0.5957705
0.0,4.9606086e-05
0.0,0.00025839463
0.0,0.00014413941
0.0,0.011377772
0.0,0.003078096
0.0,0.9448346
0.0,0.06613382
0.0,0.00088603573
0.0,0.02265699
0.0,0.002618159
0.0,0.0006615073
0.0,0.008175095
0.0,0.0039225346
0.0,0.0006977311
0.0,0.00054365175
0.0,0.0005182383
0.0,0.0011734443
0.0,0.2859531
0.0,0.043318376
0.0,0.0010838866
0.0,0.00067452114
0.0,0.0006838767
0.0,0.0031706654
0.0,8.288527e-05
0.0,0.00038563288
0.0,0.00026935583
0.0,0.017741624
0.0,0.008531914
0.0,0.014868291
0.0,0.0008741119
0.0,0.6433103
0.0,0.00015034991
0.0,0.00035633345
0.0,0.015790695
0.0,0.018511016
0.0,0.021986779
0.0,0.11082446
0.0,0.002215095
0.0,0.00028590448
0.0,0.00017005601
0.0,0.091876686
0.0,0.10295014
0.0,0.0058477893
0.0,0.00049080636
0.0,0.0010234363
0.0,0.0055426187
0.0,0.94238234
0.0,0.0021002975
0.0,0.0018713403
0.0,0.020560166
0.0,0.36803982
0.0,0.0002027881
0.0,0.00047579966
0.0,0.00085717463
0.0,0.002414926
0.0,8.090088e-05
0.0,0.10484739
0.0,0.008209414
0.0,0.0135279605
0.0,0.046311684
0.0,0.00033611862
0.0,0.016928842
0.0,0.049592864
0.0,0.002140851
0.0,0.90903836
0.0,0.5571123
0.0,0.0014491788
0.0,0.0008141273
0.0,0.0022527624
0.0,0.09354147
0.0,0.0014521932
0.0,0.0033062792
0.0,0.00069545174
0.0,0.00031947333
0.0,0.0018157994
0.0,0.021668667
0.0,0.0022695626
0.0,0.0047078966
0.0,0.0014379587
0.0,0.0007121588
0.0,0.0008477757
0.0,0.5155318
0.0,0.0007584625
0.0,0.8337592
0.0,0.019318873
0.0,0.21993506
0.0,0.19383407
0.0,0.0027666653
0.0,0.001227066
0.0,0.0013613221
0.0,0.008096353
0.0,0.0050174515
0.0,0.003949363
0.0,0.00074581534
0.0,0.00164213
0.0,0.88862693
0.0,0.00047110338
0.0,0.0002452785
0.0,0.051805478
0.0,0.00065945275
0.0,0.0039970265
0.0,0.63777614
0.0,0.0014396226
0.0,0.10872321
0.0,0.0054067
0.0,0.0038360478
0.0,0.004943285
0.0,0.18733546
0.0,0.037039317
0.0,0.00031446884
0.0,0.16417623
0.0,0.027029676
0.0,0.00020141069
0.0,0.00074650435
0.0,0.0016167638
0.0,0.8466644
0.0,0.020037167
0.0,0.0007568723
0.0,0.00415417
0.0,0.0003002463
0.0,0.18855128
0.0,0.16761968
0.0,0.005219774
0.0,0.29754475
0.0,0.0007549465
0.0,0.00013606553
0.0,0.0110428035
0.0,0.9743858
0.0,0.07723109
0.0,0.0014597428
0.0,0.013430984
0.0,0.0013581417
0.0,0.14002126
0.0,0.90785253
0.0,0.00029468053
0.0,0.0042311572
0.0,0.00022502121
0.0,0.0026981502
0.0,0.0037749992
0.0,0.03470463
0.0,0.052520297
0.0,0.0069419243
0.0,0.00018336011
0.0,0.00067307055
0.0,0.003965593
0.0,0.0066865166
0.0,0.0011918702
0.0,0.00085084216
0.0,0.00051622256
0.0,0.0020808883
0.0,0.000541075
0.0,0.0004593552
0.0,0.000485712
0.0,0.0007699541
0.0,0.0067455294
0.0,0.00025791637
0.0,0.0002572955
0.0,0.006395977
0.0,0.0013158671
0.0,0.00023186143
0.0,0.86570305
0.0,0.0171974
0.0,0.00021520596
0.0,0.0014495157
0.0,0.8846953
0.0,0.0063569406
0.0,0.019381851
0.0,0.0003989867
0.0,0.00030129234
0.0,0.0009402215
0.0,0.0002052819
0.0,0.028462537
0.0,0.0061699534
0.0,8.066561e-05
0.0,0.0056814468
0.0,0.0033454574
0.0,0.0006194719
0.0,0.101628594
0.0,0.0037227534
0.0,0.08144848
0.0,0.0022830518
0.0,0.35526964
0.0,0.22185914
0.0,0.00037185627
0.0,0.0028867577
0.0,0.0006973233
0.0,0.49892193
0.0,0.0002961154
0.0,0.4810279
0.0,0.00031537886
0.0,0.00031619173
0.0,0.0024052444
0.0,0.004082176
0.0,0.5475412
0.0,0.9517858
0.0,0.98859894
0.0,0.99277073
0.0,0.4247335
0.0,0.0014635929
0.0,0.0002740695
0.0,0.99867165
0.0,0.90797937
0.0,0.058114864
0.0,0.0003796843
0.0,0.0044386466
0.0,0.00048611267
0.0,0.0022389444
0.0,0.00025256595
0.0,0.0031806855
0.0,0.0010653954
0.0,0.0016661745
0.0,0.0046978258
0.0,0.0030681111
0.0,0.000644714
0.0,0.0040121716
0.0,0.7817757
0.0,0.0013915998
0.0,0.0008655999
0.0,0.003146072
0.0,0.044336487
0.0,0.31908765
0.0,0.002052118
0.0,0.6658176
0.0,0.0022171522
0.0,0.00036655337
0.0,0.0041399556
0.0,0.007816207
0.0,0.021388346
0.0,0.00035084187
0.0,0.00035507992
0.0,0.0027534189
0.0,0.0010463757
0.0,0.0026761375
0.0,0.057541754
0.0,0.7584115
0.0,0.001146397
0.0,0.0049283393
0.0,0.004102893
0.0,0.0012487265
0.0,0.0030810006
0.0,0.0015307458
0.0,0.00028576303
0.0,0.0002559991
0.0,0.001039577
0.0,0.9870308
0.0,0.0012090851
0.0,0.004027884
0.0,0.0020909987
0.0,0.0046148743
0.0,0.0012533953
0.0,0.004084218
0.0,0.0077962154
0.0,0.0002499569
0.0,0.0039224452
0.0,0.0035843344
0.0,0.001146273
0.0,0.0032172455
0.0,0.0008814343
0.0,0.99177355
0.0,0.0022999363
0.0,0.0012399713
0.0,0.00070295704
0.0,0.007921938
0.0,0.00081193633
0.0,0.00016131198
0.0,0.0033117519
0.0,0.01665533
0.0,0.08799497
0.0,0.0013821074
0.0,0.006893424
0.0,0.00013055973
0.0,0.903523
0.0,0.8040263
0.0,0.16305004
0.0,0.47224182
0.0,0.0025629275
0.0,0.00014700081
0.0,0.0050440114
0.0,0.0029736906
0.0,0.00088518346
0.0,0.0040225293
0.0,0.0007843647
0.0,0.93169385
0.0,0.00016745654
0.0,0.31892538
0.0,0.008698625
0.0,0.0012495582
0.0,0.00016549838
0.0,0.00027714303
0.0,0.0040434026
0.0,0.0034600245
0.0,0.0022635274
0.0,9.90212e-05
0.0,0.004049254
0.0,0.054561663
0.0,0.009466923
0.0,0.38912985
0.0,0.83098507
0.0,0.0005528302
0.0,0.0009006028
0.0,0.97270197
0.0,0.0005884411
0.0,0.06337346
0.0,0.0001279007
0.0,0.0005746043
0.0,0.0016853933
0.0,0.0005668095
0.0,0.010270992
0.0,0.004062147
0.0,0.0024195772
0.0,0.15149876
0.0,0.41746795
0.0,0.09644942
0.0,0.0011865975
0.0,0.0016273175
0.0,0.002498921
0.0,0.00016876213
0.0,0.0017253859
0.0,0.861536
0.0,0.00015990643
0.0,0.010898682
0.0,0.0030205573
0.0,0.0033750208
0.0,0.018428452
0.0,0.7199276
0.0,0.038699396
0.0,0.90766674
0.0,0.00013540634
0.0,0.00073649164
0.0,0.2504031
0.0,0.003765936
0.0,0.011414152
0.0,0.0034980155
0.0,0.22397032
0.0,0.048203815
0.0,0.0002158646
0.0,0.0011843814
0.0,0.00945467
0.0,0.00043471128
0.0,0.0003943455
0.0,0.030636
0.0,0.00065963407
0.0,0.00019808974
0.0,0.7032059
0.0,0.55972415
0.0,0.0008421868
0.0,0.019493038
0.0,0.00036176105
0.0,0.00031319872
0.0,0.0020841842
0.0,0.009468323
0.0,0.00015044269
0.0,0.0035048388
0.0,0.02121444
0.0,0.00029736848
0.0,0.094175905
0.0,0.0013562312
0.0,0.0110464655
0.0,0.0020707657
0.0,0.00064188725
0.0,0.0064563123
0.0,0.04536734
0.0,0.031125532
0.0,0.008838728
0.0,0.0017348604
0.0,0.0075245765
0.0,0.21160641
0.0,0.7775241
0.0,7.0544826e-05
0.0,0.9085291
0.0,0.0033275792
0.0,0.0004225179
0.0,0.01643899
0.0,0.7519515
0.0,0.0002406789
0.0,0.0014616484
0.0,0.024942098
0.0,0.0049098413
0.0,0.022861887
0.0,0.037398532
0.0,0.00040147145
0.0,0.00308214
0.0,0.05707849
0.0,0.0007872131
0.0,0.00093508104
0.0,0.040087182
0.0,0.006380335
0.0,0.005794129
0.0,0.003511081
0.0,0.23362009
0.0,0.022054447
0.0,0.04869819
0.0,0.7649166
0.0,0.9944231
0.0,0.00016286882
0.0,8.471025e-05
0.0,0.649291
0.0,0.0014644363
0.0,0.00257412
0.0,0.0011415705
0.0,0.00036651234
0.0,0.00034403388
0.0,0.011894269
0.0,0.8349225
0.0,0.008544161
0.0,0.0041497145
0.0,0.00048490337
0.0,0.1434632
0.0,0.0005990164
0.0,0.00020475294
0.0,0.00066185097
0.0,0.012955628
0.0,0.0023386343
0.0,0.018753665
0.0,0.00018016588
0.0,0.007381496
0.0,0.0018542971
0.0,0.00368984
0.0,0.0008609884
0.0,0.00084732665
0.0,0.00019711303
0.0,0.00075230794
0.0,0.00026017005
0.0,0.0004103213
0.0,0.00041530526
0.0,0.00057388976
0.0,0.00049841637
0.0,0.0005490496
0.0,0.014186723
0.0,0.00164612
0.0,0.0003770512
0.0,0.011444798
0.0,0.0005928885
0.0,0.0019705053
0.0,0.6317935
0.0,0.0012206923
0.0,0.0003220669
0.0,0.93326026
0.0,0.00033968143
0.0,0.0001512639
0.0,0.00065957755
0.0,0.12174294
0.0,0.0019296482
0.0,0.00064783305
0.0,0.00017178974
0.0,0.006074735
0.0,0.0007264418
0.0,0.0030820773
0.0,0.006226265
0.0,0.00045620764
0.0,0.0045275013
0.0,0.0008473186
0.0,0.061885368
0.0,0.22655582
0.0,0.00084537256
0.0,0.00090582744
0.0,0.0005808026
0.0,0.9992797
0.0,0.00147994
0.0,0.00026257982
0.0,0.01140425
0.0,0.001148975
0.0,0.0018205087
0.0,0.00024623403
0.0,0.010192732
0.0,0.008332637
0.0,0.0014589187
0.0,0.0026527767
0.0,0.629347
0.0,0.007589406
0.0,0.0013131227
0.0,0.0028577538
0.0,0.0033973288
0.0,2.334381e-05
0.0,0.050578862
0.0,0.0065585766
0.0,0.00040718575
0.0,0.3320675
0.0,0.9885887
0.0,0.0005638421
0.0,0.0009503338
0.0,0.00075725577
0.0,0.00083906046
0.0,0.0003161025
0.0,0.046003807
0.0,0.00019972608
0.0,0.4421929
0.0,0.0005627901
0.0,0.0016681721
0.0,0.00042643587
0.0,0.0009147173
0.0,0.003463063
0.0,0.06130658
0.0,0.38031805
0.0,0.0034423673
0.0,0.00018714336
0.0,0.0017035566
0.0,0.8108084
0.0,0.91249466
0.0,0.00028009346
0.0,0.0006108138
0.0,0.0058303815
0.0,0.0013438647
0.0,0.00063014403
0.0,0.15485922
0.0,0.006405672
0.0,0.0003704929
0.0,0.10418228
0.0,0.00039366787
0.0,0.0028570313
0.0,0.006585802
0.0,0.000435424
0.0,0.6735544
0.0,0.83973926
0.0,0.003686434
0.0,0.01147329
0.0,0.0014341342
0.0,8.5955224e-05
0.0,0.01056471
0.0,0.005194175
0.0,0.00068682106
0.0,3.9560302e-05
0.0,0.0010100459
0.0,5.942105e-05
0.0,0.0013674436
0.0,0.7818825
0.0,0.19512606
0.0,0.0005663402
0.0,0.04527105
0.0,0.0003745922
0.0,0.00045637813
0.0,0.00077417947
0.0,0.001292461
0.0,0.0013391874
0.0,0.0005686986
0.0,0.00066330144
0.0,0.004330402
0.0,0.0016104548
0.0,0.00020702659
0.0,0.93739635
0.0,0.016650667
0.0,0.04395029
0.0,0.0003092905
0.0,0.00152257
0.0,0.0055505144
0.0,0.00066203903
0.0,0.0025358396
0.0,0.059027288
0.0,0.03276983
0.0,0.04915239
0.0,1.3349782e-05
0.0,0.00032887448
0.0,0.0008908549
0.0,0.00034239623
0.0,0.0007609806
0.0,0.00022811962
0.0,0.0010829463
0.0,0.0078020887
0.0,0.0027477148
0.0,0.0015227724
0.0,0.0012322806
0.0,0.09224531
0.0,0.0012890612
0.0,0.012449781
0.0,0.1993302
0.0,0.07865165
0.0,0.00016618546
0.0,0.06786893
0.0,0.22483145
0.0,0.0005320802
0.0,0.0783292
0.0,0.00067827676
0.0,0.7921456
0.0,0.003606393
0.0,0.00012579489
0.0,0.0003127774
0.0,0.0067457655
0.0,0.00051177375
0.0,0.0012358385
0.0,0.9084697
0.0,0.006330203
0.0,0.031491093
0.0,0.0011918201
0.0,0.000116502444
0.0,0.0006447176
0.0,0.008559273
0.0,0.0010766078
0.0,0.0102375215
0.0,0.0002489779
0.0,0.0016154896
0.0,0.0025215393
0.0,0.10061221
0.0,0.016663898
0.0,0.5817385
0.0,0.0016753529
0.0,0.053103503
0.0,0.001373348
0.0,0.0047136466
0.0,0.30886844
0.0,0.0002221421
0.0,0.99981767
0.0,0.035780456
0.0,0.0025864583
0.0,0.0006094606
0.0,0.0013071495
0.0,0.0030308578
0.0,0.343352
0.0,0.008055565
0.0,0.018889371
0.0,0.0008059231
0.0,0.000706777
0.0,0.00037996945
0.0,0.0014131428
0.0,0.0053666523
0.0,0.0032397287
0.0,0.783992
0.0,0.023458408
0.0,0.002238182
0.0,0.8945028
0.0,0.9912087
0.0,0.005176075
0.0,0.0011825135
0.0,0.026589165
0.0,0.062195826
0.0,0.006598405
0.0,0.0053923517
0.0,0.00020896974
0.0,0.112614654
0.0,0.00031326682
0.0,0.8436373
0.0,0.00023478968
0.0,0.0004368873
0.0,0.002978408
0.0,0.0011996735
0.0,0.0023298662
0.0,0.00028107842
0.0,0.029895015
0.0,0.005433804
0.0,0.0021300684
0.0,0.004516327
0.0,0.0006292648
0.0,0.07703003
0.0,0.0051875617
0.0,0.00016978318
0.0,0.00011829073
0.0,0.0028690798
0.0,0.00015163604
0.0,0.00031424346
0.0,0.050320394
0.0,6.160241e-05
0.0,0.018433327
0.0,0.023279103
0.0,0.00026200316
0.0,0.0009740949
0.0,0.00051046076
0.0,0.0006705942
0.0,0.00062455237
0.0,0.0032542432
0.0,0.034533117
0.0,0.000748901
0.0,0.0007859561
0.0,0.00027289486
0.0,0.0008788547
0.0,0.0013370437
0.0,0.010745295
0.0,0.0017139585
0.0,0.045960717
0.0,0.04263259
0.0,0.0033825866
0.0,0.00017654031
0.0,0.00011385759
0.0,0.43778816
0.0,0.24650684
0.0,0.012084112
0.0,0.0010715082
0.0,0.00073063385
0.0,0.003856798
0.0,0.0022545357
0.0,0.99921465
0.0,0.02269773
0.0,0.00059161306
0.0,0.0019401031
0.0,0.004819568
0.0,0.00025818875
0.0,0.9957378
0.0,0.0065810867
0.0,0.013361966
0.0,0.00072141114
0.0,0.0007363404
0.0,0.008073622
0.0,0.08837033
0.0,0.0049569053
0.0,0.0009555417
0.0,0.002869556
0.0,0.00189679
0.0,9.443352e-05
0.0,0.026056303
0.0,0.16598165
0.0,0.0010548768
0.0,0.012545197
0.0,0.010331687
0.0,0.27491906
0.0,0.00012573985
0.0,0.0012899548
0.0,0.00015352521
0.0,0.028129432
0.0,0.008408647
0.0,0.010522788
0.0,0.05789206
0.0,0.9924775
0.0,0.0024282837
0.0,0.00066928857
0.0,0.00022047239
0.0,0.010291214
0.0,0.006244469
0.0,0.0010874076
0.0,0.0018327057
0.0,0.004600986
0.0,0.00055342045
0.0,0.0005664636
0.0,0.6913251
0.0,0.002918124
0.0,0.0031782496
0.0,0.0012965358
0.0,0.6143234
0.0,0.00058384915
0.0,0.05268707
0.0,0.0015468629
0.0,0.013288578
0.0,0.01720106
0.0,0.009573341
0.0,0.0012693028
0.0,9.470234e-05
0.0,0.18723999
0.0,0.004388435
0.0,0.99281585
0.0,0.0028784724
0.0,0.00061184395
0.0,0.009033618
0.0,0.00042086418
0.0,0.013312201
0.0,0.0005499269
0.0,0.0038456952
0.0,0.2096174
0.0,0.033869833
0.0,0.05109332
0.0,0.0060485597
0.0,0.0007430957
0.0,0.004190207
0.0,0.001054496
0.0,0.07849178
0.0,0.000100342055
0.0,0.83221173
0.0,9.7065684e-05
0.0,0.010620456
0.0,0.0014698438
0.0,0.00023469524
0.0,0.00494276
0.0,0.06390486
0.0,0.89114004
0.0,0.0019720185
0.0,7.049721e-05
0.0,0.03945718
0.0,0.0007975332
0.0,0.0008046953
0.0,0.18716827
0.0,0.06692214
0.0,0.4150854
0.0,0.010883139
0.0,0.0031457548
0.0,0.2812966
0.0,0.012342156
0.0,0.0008330675
0.0,0.011504667
0.0,0.06075355
0.0,0.00061833847
0.0,0.0005341646
0.0,8.956063e-05
0.0,0.0010199244
0.0,0.0023027575
0.0,0.0010247568
0.0,0.020051245
0.0,0.02425438
0.0,0.001586385
0.0,0.0030920324
0.0,0.2586967
0.0,0.0017410846
0.0,0.45777342
0.0,0.00015828054
0.0,0.0006871766
0.0,0.0056637092
0.0,0.2972069
0.0,0.00231971
0.0,0.05125099
0.0,0.0035419716
0.0,0.00027738386
0.0,0.0052206777
0.0,0.45497766
0.0,0.012779788
0.0,0.014643308
0.0,0.0005021988
0.0,0.008234478
0.0,0.000273176
0.0,0.000519338
0.0,0.069200166
0.0,0.026185593
0.0,0.00011275211
0.0,0.0057118754
0.0,0.00024266625
0.0,0.001717369
0.0,0.0016387071
0.0,0.027611062
0.0,0.17547594
0.0,0.0003720089
0.0,0.0013545183
0.0,0.081234716
0.0,0.0011838722
0.0,0.17019166
0.0,0.00166455
0.0,0.0001735246
0.0,0.026330298
0.0,0.00021041908
0.0,0.0026314948
0.0,0.0007600109
0.0,0.00089905446
0.0,0.00073205744
0.0,0.3242231
0.0,0.34188798
0.0,0.004449292
0.0,0.0025173044
0.0,0.0014083091
0.0,0.09415427
0.0,0.002206597
0.0,0.00037692577
0.0,0.0046332087
0.0,0.00039421205
0.0,0.030321453
0.0,0.00022834158
0.0,0.0006451897
0.0,0.012600762
0.0,0.0010363241
0.0,0.00061389303
0.0,0.0037041332
0.0,0.0019386678
0.0,0.8997744
0.0,0.0038634238
0.0,0.0001425521
0.0,0.0010110572
0.0,0.00070073945
0.0,0.7295031
0.0,0.0028746058
0.0,0.0011981067
0.0,0.0060373326
0.0,0.9994873
0.0,0.00083837233
0.0,0.5595453
0.0,0.013555281
0.0,0.34117535
0.0,0.0006492132
0.0,0.002135322
0.0,0.15494195
0.0,0.015341804
0.0,0.00066963467
0.0,0.0016062825
0.0,0.15547603
0.0,0.0046427404
0.0,0.00017926916
0.0,0.0022357279
0.0,0.0001579487
0.0,0.0072916164
0.0,0.79705465
0.0,0.0023753354
0.0,0.00025163742
0.0,0.0050006495
0.0,0.0009293831
0.0,0.5952854
0.0,0.016593691
0.0,0.0005528882
0.0,0.0053958516
0.0,0.004124785
0.0,0.0015932195
0.0,0.00024226285
0.0,0.0019147559
0.0,0.0011617944
0.0,0.010761649
0.0,0.0006165968
0.0,0.9401532
0.0,0.0131698605
0.0,0.0042493017
0.0,0.00024287529
0.0,0.00022394952
0.0,0.00044761633
0.0,0.0043069003
0.0,0.0050165686
0.0,0.07134118
0.0,0.00019676037
0.0,0.0008995616
0.0,0.002381087
0.0,0.00041540744
0.0,0.00023135309
0.0,0.0012019142
0.0,0.026278272
0.0,0.0012296998
0.0,0.0004804559
0.0,0.4304387
0.0,0.9890934
0.0,0.038810443
0.0,0.0005624627
0.0,0.00081776996
0.0,0.35344547
0.0,0.0010470867
0.0,0.0045440793
0.0,0.0017457679
0.0,0.008075131
0.0,0.0014745184
0.0,0.46538192
0.0,0.0022000577
0.0,0.015104255
0.0,0.011494281
0.0,0.58181673
0.0,9.666324e-05
0.0,0.00015158732
0.0,0.02605001
0.0,0.0013942011
0.0,0.0117763225
0.0,0.6515182
0.0,0.00058271777
0.0,0.066000864
0.0,0.0009906136
0.0,0.43008688
0.0,0.0060546887
0.0,0.06784114
0.0,0.00020887092
0.0,0.0007178457
0.0,0.008501719
0.0,0.010590965
0.0,0.00081980665
0.0,0.022651965
0.0,0.00069889444
0.0,0.0017903576
0.0,0.01836291
0.0,3.55331e-05
0.0,0.00047437946
0.0,0.00131789
0.0,0.0062600793
0.0,0.0011177803
0.0,0.00040470058
0.0,0.26851726
0.0,0.0024155038
0.0,0.00050914485
0.0,0.00827211
0.0,0.011051315
0.0,0.00066897384
0.0,0.05078271
0.0,0.010585729
0.0,0.95986384
0.0,0.73412365
0.0,0.002468158
0.0,0.015398178
0.0,0.08996769
0.0,0.006906719
0.0,0.012430942
0.0,0.002141275
0.0,0.000170763
0.0,0.005560902
0.0,0.00025339832
0.0,0.002114064
0.0,0.31818092
0.0,0.0046742335
0.0,0.008850542
0.0,0.0031685834
0.0,0.0016215397
0.0,0.002466081
0.0,0.00039176343
0.0,9.453398e-05
0.0,0.00031281766
0.0,0.0011894448
0.0,0.0067275115
0.0,0.023793746
0.0,0.07521471
0.0,0.8112234
0.0,0.0014627845
0.0,0.0044423672
0.0,0.058791887
0.0,0.00095104025
0.0,0.15871002
0.0,0.012645526
0.0,0.0009572884
0.0,0.00643256
0.0,0.0024270758
0.0,0.3861315
0.0,0.99844724
0.0,0.00056349137
0.0,0.78106105
0.0,0.9916459
0.0,0.0017505718
0.0,0.0009897324
0.0,0.00027972998
0.0,0.0016485401
0.0,0.00025457182
0.0,0.007347673
0.0,0.00015202665
0.0,0.0012266992
0.0,0.8768969
0.0,0.00038577776
0.0,0.9979826
0.0,0.002446635
0.0,0.0015114918
0.0,0.6885857
0.0,0.01767589
0.0,0.00012324125
0.0,0.0015047158
0.0,0.0004310813
0.0,0.037307195
0.0,0.0049055032
0.0,0.01395033
0.0,0.8806011
0.0,0.008882225
0.0,0.0009848215
0.0,0.0020396768
0.0,0.0007770153
0.0,0.0037081002
0.0,0.000830733
0.0,0.0029915953
0.0,0.10337607
0.0,0.0041479454
0.0,0.889675
0.0,0.00040964104
0.0,0.0019507237
0.0,0.1190365
0.0,0.0005763669
0.0,0.9642639
0.0,0.05316146
0.0,0.00448061
0.0,0.006806686
0.0,0.0009629581
0.0,0.036213472
0.0,0.0008393423
0.0,0.96497315
0.0,0.4880129
0.0,0.00062646635
0.0,0.00044074233
0.0,0.08040447
0.0,0.0033862574
0.0,0.99192834
0.0,0.0010125064
0.0,0.0005433995
0.0,0.0014347681
0.0,0.0017192789
0.0,0.024024181
0.0,0.0009506525
0.0,0.0098341545
0.0,0.001018579
0.0,0.0123948585
0.0,0.8273316
0.0,0.99476117
0.0,0.010060847
0.0,0.031868402
0.0,0.0038449413
0.0,0.009206082
0.0,0.0018449171
0.0,0.006590127
0.0,0.0010629426
0.0,0.98916084
0.0,0.0019810323
0.0,0.0005930781
0.0,0.23457788
0.0,0.8158691
0.0,0.000981198
0.0,0.00045281264
0.0,0.00024632018
0.0,0.9878193
0.0,0.8192749
0.0,0.0010650022
0.0,7.965166e-05
0.0,0.018338343
0.0,0.42225873
0.0,0.003640135
0.0,0.002060638
0.0,0.0012089061
0.0,0.008688462
0.0,0.001060107
0.0,0.0026683803
0.0,0.0006629624
0.0,0.00073724374
0.0,0.35687536
0.0,0.00015384276
0.0,0.2981578
0.0,0.011275782
0.0,0.00019674032
0.0,0.0011967471
0.0,0.0003711564
0.0,0.0629821
0.0,0.0026902256
0.0,0.005885333
0.0,0.0007291641
0.0,0.00027788916
0.0,0.97084075
0.0,0.0010104794
0.0,0.95444643
0.0,0.00043640652
0.0,0.00096371945
0.0,0.07507454
0.0,0.00015601299
0.0,0.28778118
0.0,0.02549409
0.0,0.0005597213
0.0,0.008477468
0.0,0.13889705
0.0,0.0007208906
0.0,0.028451959
0.0,0.0005759202
0.0,0.032811183
0.0,0.0065525547
0.0,0.00092345366
0.0,0.029768618
0.0,0.0026450923
0.0,0.002491177
0.0,0.22238877
0.0,0.5372854
0.0,0.0019085401
0.0,0.6144559
0.0,0.023973173
0.0,0.3291174
0.0,0.0010549558
0.0,0.46312207
0.0,0.011311685
0.0,0.003172719
0.0,6.7513334e-05
0.0,0.00020293858
0.0,0.2450438
0.0,0.00030613947
0.0,0.0012706339
0.0,0.002549331
0.0,0.0004404645
0.0,0.003077912
0.0,0.00059961615
0.0,0.0020956853
0.0,0.108908
0.0,0.0007223061
0.0,0.025968866
0.0,0.8421669
0.0,0.00031916646
0.0,0.00041144504
0.0,0.29031187
0.0,0.008384468
0.0,0.0017220031
0.0,0.26674196
0.0,0.00044854835
0.0,0.072653666
0.0,0.00091225025
0.0,0.037722785
0.0,0.045515273
0.0,0.0027834647
0.0,0.0013893871
0.0,0.012828264
0.0,0.0012476263
0.0,0.007215244
0.0,0.0005910145
0.0,0.014146069
0.0,0.0007278582
0.0,0.00036461125
0.0,0.0029107663
0.0,0.00030985096
0.0,0.15276435
0.0,0.9865649
0.0,0.027657103
0.0,0.0007895533
0.0,0.5095001
0.0,0.002597973
0.0,0.0026524717
0.0,0.012576691
0.0,0.0044834143
0.0,0.00085471483
0.0,0.0062507424
0.0,0.0012575459
0.0,0.9575457
0.0,0.0010637875
0.0,0.01789959
0.0,0.0006080901
0.0,0.005724137
0.0,0.0002851477
0.0,0.0015631574
0.0,0.06185359
0.0,0.025000894
0.0,0.05678768
0.0,0.05846353
0.0,0.08757323
0.0,0.035774242
0.0,4.9114053e-05
0.0,0.0002864966
0.0,0.13190794
0.0,0.028506722
0.0,0.0015818285
0.0,0.006255145
0.0,0.0044182944
0.0,0.07515381
0.0,0.4127342
0.0,0.027580753
0.0,0.001502945
0.0,0.00058739237
0.0,0.0006107515
0.0,0.00080330705
0.0,0.9993734
0.0,0.7532962
0.0,6.636828e-05
0.0,0.007906363
0.0,0.7522453
0.0,0.30484042
0.0,0.014523057
0.0,0.06641488
0.0,0.0015654602
0.0,0.00064034533
0.0,0.00017728524
0.0,0.010238367
0.0,0.0012690381
0.0,0.73771703
0.0,0.0011785749
0.0,0.0063928897
0.0,0.54666233
0.0,0.0015814684
0.0,0.0010361716
0.0,0.047888264
0.0,0.00096146466
0.0,0.24985144
0.0,0.0005295817
0.0,0.036118098
0.0,0.000598523
0.0,0.0007393728
0.0,0.011003171
0.0,0.0050330274
0.0,0.12990062
0.0,0.013540184
0.0,0.0020040215
0.0,0.017808508
0.0,0.02556377
0.0,0.0028897705
0.0,0.0002138496
0.0,0.02973834
0.0,5.5581495e-05
0.0,0.0031416586
0.0,0.0019358662
0.0,0.021664057
0.0,0.02624547
0.0,0.00056216225
0.0,0.0068425885
0.0,0.0017077868
0.0,0.5930783
0.0,0.0005029924
0.0,0.033041365
0.0,0.0028155057
0.0,0.0024763753
0.0,0.0025834916
0.0,0.0023591374
0.0,0.0023299982
0.0,0.0008022422
0.0,0.00825916
0.0,0.003462933
0.0,0.64361036
0.0,0.11120812
0.0,0.005199979
0.0,8.9168374e-05
0.0,0.0024225414
0.0,0.0015219692
0.0,0.00012262932
0.0,0.0002462434
0.0,0.00063657213
0.0,0.7956482
0.0,0.15565485
0.0,0.07937854
0.0,0.0010494371
0.0,0.3982107
0.0,0.94105166
0.0,0.00037442954
0.0,0.9093348
0.0,0.24716157
0.0,0.09772223
0.0,0.022634333
0.0,0.0021235864
0.0,0.0011212811
0.0,0.0005380066
0.0,0.003003823
0.0,0.0009819597
0.0,0.1699862
0.0,0.0005026011
0.0,0.110736616
0.0,0.005449825
0.0,0.0013194693
0.0,0.004547173
0.0,0.007907819
0.0,0.0053779776
0.0,0.00019683619
0.0,0.0031483008
0.0,0.00019045781
0.0,0.00024159391
0.0,0.0003226665
0.0,0.06222929
0.0,0.0007502131
0.0,0.00019498503
0.0,0.01780835
0.0,0.0104676485
0.0,0.0015061888
0.0,0.33667225
0.0,0.0021426475
0.0,0.0022656377
0.0,0.1472068
0.0,0.00027221066
0.0,0.8927713
0.0,0.9591127
0.0,0.00090795185
0.0,0.06135165
0.0,0.015438469
0.0,0.0015401609
